INSERT INTO students (student_id, student_name)
VALUES ('1','Penelope'),
       ('2','Peter'),
       ('3','Pepe'),
       ('4','Parth'),
       ('5','Priscilla'),
       ('6','Pablo'),
       ('7','Puja'),
       ('8','Patricia'),
       ('9','Piper'),
       ('10','Paula'),
       ('11','Pamela'),
       ('12','Paige'),
       ('13','Peggy'),
       ('14','Pedro'),
       ('15','Phoebe'),
       ('16','Pajak'),
       ('17','Parker'),
       ('18','Priyal'),
       ('19','Paxton'),
       ('20','Patrick');
       
INSERT INTO professors (professor_id, professor_name)
VALUES ('901','Phillips'),
       ('902','Vandergrift'),
       ('903','Mauch'),
       ('904','Patel'),
       ('905','Marquez'),
       ('906','Boykin'),
       ('907','Phlop'),
       ('908','Pendergrass'),
       ('909','Palomo'),
       ('910','Altshuler'),
       ('911','Aleman'),
       ('912','Ashley'),
       ('913','Bonacci'),
       ('914','Brazukas'),
       ('915','Brockington'),
       ('916','Brizuela'),
       ('917','Burkhart'),
       ('918','Choi'),
       ('919','Shah'),
       ('920','Dimaggio');
       
       
INSERT INTO courses (course_id, course_name, course_professor_id)
VALUES ('700','Cooking Pasta', '913'),
       ('701','Yoga', '919'),
       ('702','How to Guitar', '908'),
       ('703','Gym', '914'),
       ('704','Football', '902'),
       ('705','Calculus', '918'),
       ('706','Fruit', '916'),
       ('707','Social Studies', '901'),
       ('708','English', '915'),
       ('709','Programming', '907'),
       ('710','Singing', '910'),
       ('711','Fashion', '909');       
       
       
INSERT INTO grades (grade_student_id, grade_course_id, grade_grade)
VALUES ('1', '700', '9'),
       ('1', '706', '6'),
       ('1', '707', '8'),
       ('1', '710', '5'),
	('1', '711', '7'), 
       ('2', '701', '4'),
       ('2', '702', '7'),
       ('2', '703', '9'),
       ('3', '700', '8'),
       ('3', '703', '6'),
       ('3', '704', '5'),
       ('4', '706', '6'),
       ('4', '709', '7'),
       ('4', '710', '9'),
       ('5', '700', '5'),
       ('5', '702', '8'),
       ('5', '704', '6'),
       ('5', '705', '8'),
       ('6', '705', '8'),
       ('6', '706', '8'),
       ('6', '710', '6'),
       ('7', '700', '9'),
       ('7', '703', '5'),
       ('7', '709', '4'),
       ('8', '708', '8'),
       ('8', '709', '9'),
       ('8', '710', '8'),
       ('9', '700', '5'),
       ('9', '704', '9'),
       ('9', '705', '9'),
       ('10', '702', '8'),
       ('10', '704', '5'),
       ('10', '710', '9');
       